Primeiro,0,3.0,1.0,8,8,0.8241,0.7912,0.9730,0.6667
Primeiro,0,2.97,0.99,7,7,0.5093,0.0702,0.6667,0.0370
Primeiro,0,2.94,0.98,7,7,0.5093,0.0364,1.0000,0.0185
Primeiro,0,2.91,0.97,7,7,0.5000,0.0357,0.5000,0.0185
Primeiro,0,2.88,0.96,7,7,0.5185,0.0714,1.0000,0.0370
Primeiro,0,2.85,0.95,7,7,0.5185,0.0714,1.0000,0.0370
Primeiro,0,2.82,0.94,7,7,0.5093,0.0702,0.6667,0.0370
Primeiro,0,2.79,0.93,7,7,0.5093,0.0702,0.6667,0.0370
Primeiro,0,2.76,0.92,7,7,0.5278,0.1053,1.0000,0.0556
Primeiro,0,2.73,0.91,7,7,0.5370,0.1379,1.0000,0.0741
Primeiro,0,2.7,0.9,7,7,0.5370,0.1379,1.0000,0.0741
Primeiro,0,2.67,0.89,7,7,0.5278,0.1356,0.8000,0.0741
Primeiro,0,2.64,0.88,7,7,0.5278,0.1356,0.8000,0.0741
Primeiro,0,2.61,0.87,6,6,0.5278,0.1356,0.8000,0.0741
Primeiro,0,2.58,0.86,6,6,0.5278,0.1356,0.8000,0.0741
Primeiro,0,2.55,0.85,6,6,0.5278,0.1356,0.8000,0.0741
Primeiro,0,2.52,0.84,6,6,0.5370,0.1379,1.0000,0.0741
Primeiro,0,2.49,0.83,6,6,0.5370,0.1379,1.0000,0.0741
Primeiro,0,2.46,0.82,6,6,0.5370,0.1379,1.0000,0.0741
Primeiro,0,2.43,0.81,6,6,0.5463,0.1695,1.0000,0.0926
Primeiro,0,2.4,0.8,6,6,0.5463,0.1695,1.0000,0.0926
Primeiro,0,2.37,0.79,6,6,0.5463,0.1695,1.0000,0.0926
Primeiro,0,2.34,0.78,6,6,0.5463,0.1695,1.0000,0.0926
Primeiro,0,2.31,0.77,6,6,0.5556,0.2000,1.0000,0.1111
Primeiro,0,2.28,0.76,6,6,0.5556,0.2000,1.0000,0.1111
Primeiro,0,2.25,0.75,6,6,0.5556,0.2000,1.0000,0.1111
Primeiro,0,2.22,0.74,5,5,0.5556,0.2258,0.8750,0.1296
Primeiro,0,2.19,0.73,5,5,0.5556,0.2258,0.8750,0.1296
Primeiro,0,2.16,0.72,5,5,0.5556,0.2258,0.8750,0.1296
Primeiro,0,2.13,0.71,5,5,0.5556,0.2258,0.8750,0.1296
Primeiro,0,2.1,0.7,5,5,0.5648,0.2540,0.8889,0.1481
Primeiro,0,2.07,0.69,5,5,0.5741,0.2812,0.9000,0.1667
Primeiro,0,2.04,0.68,5,5,0.5648,0.2540,0.8889,0.1481
Primeiro,0,2.01,0.67,5,5,0.5648,0.2540,0.8889,0.1481
Primeiro,0,1.98,0.66,5,5,0.5648,0.2540,0.8889,0.1481
Primeiro,0,1.95,0.65,5,5,0.5741,0.2812,0.9000,0.1667
Primeiro,0,1.92,0.64,5,5,0.5741,0.2812,0.9000,0.1667
Primeiro,0,1.89,0.63,5,5,0.5648,0.2540,0.8889,0.1481
Primeiro,0,1.86,0.62,4,4,0.5648,0.2540,0.8889,0.1481
Primeiro,0,1.83,0.61,4,4,0.5741,0.2812,0.9000,0.1667
Primeiro,0,1.8,0.6,4,4,0.5741,0.2812,0.9000,0.1667
Primeiro,0,1.77,0.59,4,4,0.5741,0.2812,0.9000,0.1667
Primeiro,0,1.74,0.58,4,4,0.5833,0.3077,0.9091,0.1852
Primeiro,0,1.71,0.57,4,4,0.5833,0.3077,0.9091,0.1852
Primeiro,0,1.68,0.56,4,4,0.5833,0.3077,0.9091,0.1852
Primeiro,0,1.65,0.55,4,4,0.5833,0.3077,0.9091,0.1852
Primeiro,0,1.62,0.54,4,4,0.5833,0.3077,0.9091,0.1852
Primeiro,0,1.59,0.53,4,4,0.5833,0.3077,0.9091,0.1852
Primeiro,0,1.56,0.52,4,4,0.5833,0.3077,0.9091,0.1852
Primeiro,0,1.53,0.51,4,4,0.5833,0.3077,0.9091,0.1852
Primeiro,0,1.5,0.5,4,4,0.5833,0.3077,0.9091,0.1852
Primeiro,0,1.47,0.49,3,3,0.5833,0.3077,0.9091,0.1852
Primeiro,0,1.44,0.48,3,3,0.5833,0.3077,0.9091,0.1852
Primeiro,0,1.41,0.47,3,3,0.5833,0.3077,0.9091,0.1852
Primeiro,0,1.38,0.46,3,3,0.5926,0.3125,1.0000,0.1852
Primeiro,0,1.35,0.45,3,3,0.5926,0.3125,1.0000,0.1852
Primeiro,0,1.32,0.44,3,3,0.5926,0.3125,1.0000,0.1852
Primeiro,0,1.29,0.43,3,3,0.5926,0.3125,1.0000,0.1852
Primeiro,0,1.26,0.42,3,3,0.5926,0.3125,1.0000,0.1852
Primeiro,0,1.23,0.41,3,3,0.5926,0.3125,1.0000,0.1852
Primeiro,0,1.2,0.4,3,3,0.5926,0.3125,1.0000,0.1852
Primeiro,0,1.17,0.39,3,3,0.5926,0.3125,1.0000,0.1852
Primeiro,0,1.14,0.38,3,3,0.5926,0.3125,1.0000,0.1852
Primeiro,0,1.11,0.37,3,3,0.6019,0.3385,1.0000,0.2037
Primeiro,0,1.08,0.36,2,2,0.5926,0.3125,1.0000,0.1852
Primeiro,0,1.05,0.35,2,2,0.5926,0.3125,1.0000,0.1852
Primeiro,0,1.02,0.34,2,2,0.5926,0.3125,1.0000,0.1852
Primeiro,0,0.99,0.33,2,2,0.5926,0.3125,1.0000,0.1852
Primeiro,0,0.96,0.32,2,2,0.5926,0.3125,1.0000,0.1852
Primeiro,0,0.93,0.31,2,2,0.6019,0.3385,1.0000,0.2037
Primeiro,0,0.9,0.3,2,2,0.6019,0.3385,1.0000,0.2037
Primeiro,0,0.87,0.29,2,2,0.6019,0.3385,1.0000,0.2037
Primeiro,0,0.84,0.28,2,2,0.6019,0.3385,1.0000,0.2037
Primeiro,0,0.81,0.27,2,2,0.6019,0.3385,1.0000,0.2037
Primeiro,0,0.78,0.26,2,2,0.6019,0.3385,1.0000,0.2037
Primeiro,0,0.75,0.25,2,2,0.6019,0.3385,1.0000,0.2037
Primeiro,0,0.72,0.24,1,1,0.6019,0.3385,1.0000,0.2037
Primeiro,0,0.69,0.23,1,1,0.6019,0.3385,1.0000,0.2037
Primeiro,0,0.66,0.22,1,1,0.6019,0.3385,1.0000,0.2037
Primeiro,0,0.63,0.21,1,1,0.6019,0.3385,1.0000,0.2037
Primeiro,0,0.6,0.2,1,1,0.6111,0.3636,1.0000,0.2222
Primeiro,0,0.57,0.19,1,1,0.6111,0.3636,1.0000,0.2222
Primeiro,0,0.54,0.18,1,1,0.6019,0.3385,1.0000,0.2037
Primeiro,0,0.51,0.17,1,1,0.6111,0.3636,1.0000,0.2222
Primeiro,0,0.48,0.16,1,1,0.6111,0.3636,1.0000,0.2222
Primeiro,0,0.45,0.15,1,1,0.6111,0.3636,1.0000,0.2222
Primeiro,0,0.42,0.14,1,1,0.6111,0.3636,1.0000,0.2222
Primeiro,0,0.39,0.13,1,1,0.6111,0.3636,1.0000,0.2222
Primeiro,0,0.36,0.12,1,1,0.6111,0.3636,1.0000,0.2222
Primeiro,0,0.33,0.11,1,1,0.6111,0.3636,1.0000,0.2222
Primeiro,0,0.3,0.1,1,1,0.6111,0.3636,1.0000,0.2222
Primeiro,0,0.27,0.09,1,1,0.6111,0.3636,1.0000,0.2222
Primeiro,0,0.24,0.08,1,1,0.6111,0.3636,1.0000,0.2222
Primeiro,0,0.21,0.07,1,1,0.6111,0.3636,1.0000,0.2222
Primeiro,0,0.18,0.06,1,1,0.6111,0.3636,1.0000,0.2222
Primeiro,0,0.15,0.05,1,1,0.6111,0.3636,1.0000,0.2222
Primeiro,0,0.12,0.04,1,1,0.6111,0.3636,1.0000,0.2222
Primeiro,0,0.09,0.03,1,1,0.6111,0.3636,1.0000,0.2222
Primeiro,0,0.06,0.02,1,1,0.6111,0.3636,1.0000,0.2222
Primeiro,0,0.03,0.01,1,1,0.6111,0.3636,1.0000,0.2222
Primeiro,0,0.0,0.0,1,1,0.6204,0.3881,1.0000,0.2407
